[{"model": "admin.logentry", "pk": 1, "fields": {"action_time": "2023-12-24T11:55:30.204Z", "user": 1, "content_type": 28, "object_id": "1", "object_repr": "test", "action_flag": 1, "change_message": "[{\"added\": {}}]"}}, {"model": "admin.logentry", "pk": 2, "fields": {"action_time": "2023-12-24T12:02:13.369Z", "user": 1, "content_type": 27, "object_id": "1", "object_repr": "test", "action_flag": 1, "change_message": "[{\"added\": {}}]"}}, {"model": "admin.logentry", "pk": 3, "fields": {"action_time": "2023-12-24T12:34:43.893Z", "user": 1, "content_type": 27, "object_id": "2", "object_repr": "test2", "action_flag": 1, "change_message": "[{\"added\": {}}]"}}, {"model": "admin.logentry", "pk": 4, "fields": {"action_time": "2023-12-24T12:34:58.969Z", "user": 1, "content_type": 27, "object_id": "3", "object_repr": "test3", "action_flag": 1, "change_message": "[{\"added\": {}}]"}}, {"model": "admin.logentry", "pk": 5, "fields": {"action_time": "2023-12-24T12:35:35.434Z", "user": 1, "content_type": 27, "object_id": "3", "object_repr": "test3", "action_flag": 2, "change_message": "[{\"changed\": {\"fields\": [\"Image\"]}}]"}}, {"model": "admin.logentry", "pk": 6, "fields": {"action_time": "2023-12-24T12:35:40.368Z", "user": 1, "content_type": 27, "object_id": "3", "object_repr": "test3", "action_flag": 2, "change_message": "[]"}}, {"model": "admin.logentry", "pk": 7, "fields": {"action_time": "2023-12-24T12:35:49.307Z", "user": 1, "content_type": 27, "object_id": "4", "object_repr": "test4", "action_flag": 1, "change_message": "[{\"added\": {}}]"}}, {"model": "admin.logentry", "pk": 8, "fields": {"action_time": "2023-12-24T13:00:22.840Z", "user": 1, "content_type": 15, "object_id": "1", "object_repr": "دسبند", "action_flag": 1, "change_message": "[{\"added\": {}}]"}}, {"model": "admin.logentry", "pk": 9, "fields": {"action_time": "2023-12-24T13:03:01.885Z", "user": 1, "content_type": 16, "object_id": "1", "object_repr": "aaa", "action_flag": 1, "change_message": "[{\"added\": {}}]"}}, {"model": "admin.logentry", "pk": 10, "fields": {"action_time": "2023-12-24T13:03:03.471Z", "user": 1, "content_type": 13, "object_id": "1", "object_repr": "test", "action_flag": 1, "change_message": "[{\"added\": {}}]"}}, {"model": "admin.logentry", "pk": 11, "fields": {"action_time": "2023-12-24T13:03:13.940Z", "user": 1, "content_type": 19, "object_id": "1", "object_repr": "aa", "action_flag": 1, "change_message": "[{\"added\": {}}]"}}, {"model": "admin.logentry", "pk": 12, "fields": {"action_time": "2023-12-24T13:03:22.322Z", "user": 1, "content_type": 23, "object_id": "1", "object_repr": "aa", "action_flag": 1, "change_message": "[{\"added\": {}}]"}}, {"model": "admin.logentry", "pk": 13, "fields": {"action_time": "2023-12-24T13:03:32.584Z", "user": 1, "content_type": 22, "object_id": "1", "object_repr": "10", "action_flag": 1, "change_message": "[{\"added\": {}}]"}}, {"model": "admin.logentry", "pk": 14, "fields": {"action_time": "2023-12-24T13:06:04.733Z", "user": 1, "content_type": 17, "object_id": "1", "object_repr": "Gallery object (1)", "action_flag": 1, "change_message": "[{\"added\": {}}]"}}, {"model": "admin.logentry", "pk": 15, "fields": {"action_time": "2023-12-24T13:15:30.904Z", "user": 1, "content_type": 20, "object_id": "1", "object_repr": "te", "action_flag": 1, "change_message": "[{\"added\": {}}]"}}, {"model": "admin.logentry", "pk": 16, "fields": {"action_time": "2023-12-24T13:16:17.882Z", "user": 1, "content_type": 20, "object_id": "1", "object_repr": "te", "action_flag": 2, "change_message": "[{\"changed\": {\"fields\": [\"Image\"]}}]"}}, {"model": "admin.logentry", "pk": 17, "fields": {"action_time": "2023-12-24T13:16:26.688Z", "user": 1, "content_type": 20, "object_id": "1", "object_repr": "te", "action_flag": 2, "change_message": "[]"}}, {"model": "admin.logentry", "pk": 18, "fields": {"action_time": "2023-12-24T13:16:47.063Z", "user": 1, "content_type": 20, "object_id": "2", "object_repr": "test", "action_flag": 1, "change_message": "[{\"added\": {}}]"}}, {"model": "admin.logentry", "pk": 19, "fields": {"action_time": "2023-12-24T13:17:14.155Z", "user": 1, "content_type": 20, "object_id": "2", "object_repr": "test", "action_flag": 2, "change_message": "[{\"changed\": {\"fields\": [\"Image\"]}}]"}}, {"model": "admin.logentry", "pk": 20, "fields": {"action_time": "2023-12-24T13:18:12.797Z", "user": 1, "content_type": 20, "object_id": "3", "object_repr": "ttt", "action_flag": 1, "change_message": "[{\"added\": {}}]"}}, {"model": "admin.logentry", "pk": 21, "fields": {"action_time": "2023-12-24T13:18:26.548Z", "user": 1, "content_type": 20, "object_id": "2", "object_repr": "test", "action_flag": 2, "change_message": "[{\"changed\": {\"fields\": [\"Suggested\", \"News\"]}}]"}}, {"model": "admin.logentry", "pk": 22, "fields": {"action_time": "2023-12-24T13:18:33.300Z", "user": 1, "content_type": 20, "object_id": "1", "object_repr": "te", "action_flag": 2, "change_message": "[{\"changed\": {\"fields\": [\"Suggested\", \"News\"]}}]"}}, {"model": "admin.logentry", "pk": 23, "fields": {"action_time": "2023-12-24T13:33:52.602Z", "user": 1, "content_type": 20, "object_id": "3", "object_repr": "ttt", "action_flag": 2, "change_message": "[{\"changed\": {\"fields\": [\"Image\"]}}]"}}, {"model": "admin.logentry", "pk": 24, "fields": {"action_time": "2023-12-24T15:52:30.678Z", "user": 1, "content_type": 21, "object_id": "1", "object_repr": "زمستان", "action_flag": 1, "change_message": "[{\"added\": {}}]"}}, {"model": "admin.logentry", "pk": 25, "fields": {"action_time": "2023-12-24T15:52:47.004Z", "user": 1, "content_type": 21, "object_id": "2", "object_repr": "تلتاشس", "action_flag": 1, "change_message": "[{\"added\": {}}]"}}, {"model": "admin.logentry", "pk": 26, "fields": {"action_time": "2023-12-24T15:53:37.380Z", "user": 1, "content_type": 21, "object_id": "3", "object_repr": "لر", "action_flag": 1, "change_message": "[{\"added\": {}}]"}}, {"model": "admin.logentry", "pk": 27, "fields": {"action_time": "2023-12-24T15:54:40.171Z", "user": 1, "content_type": 14, "object_id": "1", "object_repr": "بفی", "action_flag": 1, "change_message": "[{\"added\": {}}]"}}, {"model": "admin.logentry", "pk": 28, "fields": {"action_time": "2023-12-24T15:54:43.058Z", "user": 1, "content_type": 14, "object_id": "1", "object_repr": "بفی", "action_flag": 2, "change_message": "[]"}}, {"model": "admin.logentry", "pk": 29, "fields": {"action_time": "2023-12-24T17:00:25.650Z", "user": 1, "content_type": 15, "object_id": "2", "object_repr": "گوشواره", "action_flag": 1, "change_message": "[{\"added\": {}}]"}}, {"model": "admin.logentry", "pk": 30, "fields": {"action_time": "2023-12-24T17:02:52.542Z", "user": 1, "content_type": 15, "object_id": "2", "object_repr": "گوشواره", "action_flag": 3, "change_message": ""}}, {"model": "admin.logentry", "pk": 31, "fields": {"action_time": "2023-12-24T17:04:08.667Z", "user": 1, "content_type": 15, "object_id": "3", "object_repr": "زنانه", "action_flag": 1, "change_message": "[{\"added\": {}}]"}}, {"model": "admin.logentry", "pk": 32, "fields": {"action_time": "2023-12-24T17:06:05.439Z", "user": 1, "content_type": 16, "object_id": "2", "object_repr": "گوشواره زنانه", "action_flag": 1, "change_message": "[{\"added\": {}}]"}}, {"model": "admin.logentry", "pk": 33, "fields": {"action_time": "2023-12-24T17:09:24.865Z", "user": 1, "content_type": 29, "object_id": "1", "object_repr": "گوشواره میخی", "action_flag": 1, "change_message": "[{\"added\": {}}]"}}, {"model": "admin.logentry", "pk": 34, "fields": {"action_time": "2023-12-24T17:13:28.850Z", "user": 1, "content_type": 21, "object_id": "4", "object_repr": "خرید طلا یلدایی", "action_flag": 1, "change_message": "[{\"added\": {}}]"}}, {"model": "admin.logentry", "pk": 35, "fields": {"action_time": "2023-12-24T17:18:23.331Z", "user": 1, "content_type": 19, "object_id": "2", "object_repr": "سفید", "action_flag": 1, "change_message": "[{\"added\": {}}]"}}, {"model": "admin.logentry", "pk": 36, "fields": {"action_time": "2023-12-24T17:21:10.724Z", "user": 1, "content_type": 22, "object_id": "2", "object_repr": "۰.۵۶", "action_flag": 1, "change_message": "[{\"added\": {}}]"}}, {"model": "admin.logentry", "pk": 37, "fields": {"action_time": "2023-12-24T17:24:33.884Z", "user": 1, "content_type": 20, "object_id": "4", "object_repr": "گوشواره گل نیلو", "action_flag": 1, "change_message": "[{\"added\": {}}]"}}, {"model": "admin.logentry", "pk": 38, "fields": {"action_time": "2024-01-27T15:24:11.278Z", "user": 1, "content_type": 15, "object_id": "3", "object_repr": "زنانه", "action_flag": 2, "change_message": "[{\"changed\": {\"fields\": [\"TitleSeo\"]}}]"}}, {"model": "admin.logentry", "pk": 39, "fields": {"action_time": "2024-01-27T15:24:12.006Z", "user": 1, "content_type": 15, "object_id": "3", "object_repr": "زنانه", "action_flag": 2, "change_message": "[]"}}, {"model": "admin.logentry", "pk": 40, "fields": {"action_time": "2024-01-27T15:26:42.979Z", "user": 1, "content_type": 15, "object_id": "3", "object_repr": "زنانه", "action_flag": 2, "change_message": "[{\"changed\": {\"fields\": [\"Slug\", \"TitleSeo\", \"DescriptionSeo\"]}}]"}}, {"model": "admin.logentry", "pk": 41, "fields": {"action_time": "2024-01-27T15:48:35.003Z", "user": 1, "content_type": 15, "object_id": "4", "object_repr": "مردانه", "action_flag": 1, "change_message": "[{\"added\": {}}]"}}, {"model": "admin.logentry", "pk": 42, "fields": {"action_time": "2024-01-27T15:51:08.219Z", "user": 1, "content_type": 15, "object_id": "1", "object_repr": "دسبند", "action_flag": 3, "change_message": ""}}, {"model": "admin.logentry", "pk": 43, "fields": {"action_time": "2024-01-27T15:53:34.322Z", "user": 1, "content_type": 15, "object_id": "5", "object_repr": "کودکانه", "action_flag": 1, "change_message": "[{\"added\": {}}]"}}, {"model": "admin.logentry", "pk": 44, "fields": {"action_time": "2024-01-27T15:53:55.912Z", "user": 1, "content_type": 15, "object_id": "3", "object_repr": "زنانه", "action_flag": 2, "change_message": "[{\"changed\": {\"fields\": [\"DescriptionSeo\"]}}]"}}, {"model": "admin.logentry", "pk": 45, "fields": {"action_time": "2024-01-27T15:54:15.409Z", "user": 1, "content_type": 15, "object_id": "4", "object_repr": "مردانه", "action_flag": 2, "change_message": "[{\"changed\": {\"fields\": [\"DescriptionSeo\"]}}]"}}, {"model": "admin.logentry", "pk": 46, "fields": {"action_time": "2024-01-27T16:41:49.483Z", "user": 1, "content_type": 16, "object_id": "3", "object_repr": "انگشتر", "action_flag": 1, "change_message": "[{\"added\": {}}]"}}, {"model": "admin.logentry", "pk": 47, "fields": {"action_time": "2024-01-27T16:43:34.435Z", "user": 1, "content_type": 16, "object_id": "4", "object_repr": "دستبند", "action_flag": 1, "change_message": "[{\"added\": {}}]"}}, {"model": "admin.logentry", "pk": 48, "fields": {"action_time": "2024-01-27T16:55:57.660Z", "user": 1, "content_type": 16, "object_id": "5", "object_repr": "گوشواره", "action_flag": 1, "change_message": "[{\"added\": {}}]"}}, {"model": "admin.logentry", "pk": 49, "fields": {"action_time": "2024-01-27T17:00:01.304Z", "user": 1, "content_type": 16, "object_id": "6", "object_repr": "گردنبند", "action_flag": 1, "change_message": "[{\"added\": {}}]"}}, {"model": "admin.logentry", "pk": 50, "fields": {"action_time": "2024-01-27T17:02:19.100Z", "user": 1, "content_type": 16, "object_id": "7", "object_repr": "آویز", "action_flag": 1, "change_message": "[{\"added\": {}}]"}}, {"model": "admin.logentry", "pk": 51, "fields": {"action_time": "2024-01-27T17:03:36.358Z", "user": 1, "content_type": 16, "object_id": "8", "object_repr": "پابند", "action_flag": 1, "change_message": "[{\"added\": {}}]"}}, {"model": "admin.logentry", "pk": 52, "fields": {"action_time": "2024-01-27T17:07:26.727Z", "user": 1, "content_type": 16, "object_id": "9", "object_repr": "آویز ساعت", "action_flag": 1, "change_message": "[{\"added\": {}}]"}}, {"model": "admin.logentry", "pk": 53, "fields": {"action_time": "2024-01-28T09:20:06.265Z", "user": 1, "content_type": 16, "object_id": "10", "object_repr": "ست و نیم ست", "action_flag": 1, "change_message": "[{\"added\": {}}]"}}, {"model": "admin.logentry", "pk": 54, "fields": {"action_time": "2024-02-10T14:40:57.067Z", "user": 1, "content_type": 16, "object_id": "11", "object_repr": "دستبند مردانه", "action_flag": 1, "change_message": "[{\"added\": {}}]"}}, {"model": "admin.logentry", "pk": 55, "fields": {"action_time": "2024-02-10T14:44:41.714Z", "user": 1, "content_type": 16, "object_id": "12", "object_repr": "گردنبند مردانه", "action_flag": 1, "change_message": "[{\"added\": {}}]"}}, {"model": "admin.logentry", "pk": 56, "fields": {"action_time": "2024-02-10T14:46:16.139Z", "user": 1, "content_type": 16, "object_id": "13", "object_repr": "زنجیر مردانه", "action_flag": 1, "change_message": "[{\"added\": {}}]"}}, {"model": "admin.logentry", "pk": 57, "fields": {"action_time": "2024-02-10T14:46:47.995Z", "user": 1, "content_type": 16, "object_id": "12", "object_repr": "گردنبند مردانه", "action_flag": 2, "change_message": "[{\"changed\": {\"fields\": [\"Slug\"]}}]"}}, {"model": "admin.logentry", "pk": 58, "fields": {"action_time": "2024-02-10T14:47:02.894Z", "user": 1, "content_type": 16, "object_id": "11", "object_repr": "دستبند مردانه", "action_flag": 2, "change_message": "[{\"changed\": {\"fields\": [\"Slug\"]}}]"}}, {"model": "admin.logentry", "pk": 59, "fields": {"action_time": "2024-02-10T14:49:41.032Z", "user": 1, "content_type": 16, "object_id": "14", "object_repr": "انگشتر مردانه", "action_flag": 1, "change_message": "[{\"added\": {}}]"}}, {"model": "admin.logentry", "pk": 60, "fields": {"action_time": "2024-02-10T14:59:16.839Z", "user": 1, "content_type": 16, "object_id": "15", "object_repr": "گردنبند کودکانه", "action_flag": 1, "change_message": "[{\"added\": {}}]"}}, {"model": "admin.logentry", "pk": 61, "fields": {"action_time": "2024-02-10T15:01:14.291Z", "user": 1, "content_type": 16, "object_id": "16", "object_repr": "دستبند کودکانه", "action_flag": 1, "change_message": "[{\"added\": {}}]"}}, {"model": "admin.logentry", "pk": 62, "fields": {"action_time": "2024-02-10T15:03:05.707Z", "user": 1, "content_type": 16, "object_id": "17", "object_repr": "سنجاق سینه کودکانه", "action_flag": 1, "change_message": "[{\"added\": {}}]"}}, {"model": "admin.logentry", "pk": 63, "fields": {"action_time": "2024-02-10T15:04:57.010Z", "user": 1, "content_type": 16, "object_id": "18", "object_repr": "گوشواره کودکانه", "action_flag": 1, "change_message": "[{\"added\": {}}]"}}, {"model": "admin.logentry", "pk": 64, "fields": {"action_time": "2024-02-10T15:07:05.623Z", "user": 1, "content_type": 16, "object_id": "19", "object_repr": "نیم ست کودکانه", "action_flag": 1, "change_message": "[{\"added\": {}}]"}}, {"model": "admin.logentry", "pk": 65, "fields": {"action_time": "2024-02-21T07:36:55.234Z", "user": 1, "content_type": 29, "object_id": "1", "object_repr": "گوشواره میخی", "action_flag": 3, "change_message": ""}}, {"model": "admin.logentry", "pk": 66, "fields": {"action_time": "2024-02-21T07:38:04.573Z", "user": 1, "content_type": 29, "object_id": "3", "object_repr": "گوشواره میخی", "action_flag": 1, "change_message": "[{\"added\": {}}]"}}, {"model": "admin.logentry", "pk": 67, "fields": {"action_time": "2024-02-21T07:40:25.902Z", "user": 1, "content_type": 29, "object_id": "4", "object_repr": "گوشواره آویزی", "action_flag": 1, "change_message": "[{\"added\": {}}]"}}, {"model": "admin.logentry", "pk": 68, "fields": {"action_time": "2024-02-21T07:58:25.331Z", "user": 1, "content_type": 29, "object_id": "5", "object_repr": "گوشواره بخیه ای", "action_flag": 1, "change_message": "[{\"added\": {}}]"}}, {"model": "admin.logentry", "pk": 69, "fields": {"action_time": "2024-02-21T08:06:59.843Z", "user": 1, "content_type": 29, "object_id": "6", "object_repr": "گوشواره حلقه ای", "action_flag": 1, "change_message": "[{\"added\": {}}]"}}, {"model": "admin.logentry", "pk": 70, "fields": {"action_time": "2024-02-21T08:09:05.846Z", "user": 1, "content_type": 29, "object_id": "4", "object_repr": "گوشواره آویزی", "action_flag": 3, "change_message": ""}}, {"model": "admin.logentry", "pk": 71, "fields": {"action_time": "2024-02-21T08:13:31.810Z", "user": 1, "content_type": 29, "object_id": "7", "object_repr": "گوشواره عصایی", "action_flag": 1, "change_message": "[{\"added\": {}}]"}}, {"model": "admin.logentry", "pk": 72, "fields": {"action_time": "2024-03-26T20:36:48.013Z", "user": 1, "content_type": 29, "object_id": "8", "object_repr": "انگشتر نگین دار", "action_flag": 1, "change_message": "[{\"added\": {}}]"}}, {"model": "admin.logentry", "pk": 73, "fields": {"action_time": "2024-03-26T20:37:11.581Z", "user": 1, "content_type": 29, "object_id": "8", "object_repr": "انگشتر نگین دار", "action_flag": 2, "change_message": "[{\"changed\": {\"fields\": [\"DescriptionSeo\"]}}]"}}, {"model": "admin.logentry", "pk": 74, "fields": {"action_time": "2024-03-26T20:56:26.797Z", "user": 1, "content_type": 29, "object_id": "9", "object_repr": "انگشتر بدون نگین", "action_flag": 1, "change_message": "[{\"added\": {}}]"}}, {"model": "admin.logentry", "pk": 75, "fields": {"action_time": "2024-03-26T20:57:16.831Z", "user": 1, "content_type": 29, "object_id": "8", "object_repr": "انگشتر نگین دار", "action_flag": 2, "change_message": "[{\"changed\": {\"fields\": [\"Slug\"]}}]"}}, {"model": "admin.logentry", "pk": 76, "fields": {"action_time": "2024-03-26T20:57:27.926Z", "user": 1, "content_type": 29, "object_id": "8", "object_repr": "انگشتر نگین دار", "action_flag": 2, "change_message": "[{\"changed\": {\"fields\": [\"Slug\"]}}]"}}, {"model": "admin.logentry", "pk": 77, "fields": {"action_time": "2024-03-26T20:57:28.945Z", "user": 1, "content_type": 29, "object_id": "8", "object_repr": "انگشتر نگین دار", "action_flag": 2, "change_message": "[{\"changed\": {\"fields\": [\"Slug\"]}}]"}}, {"model": "admin.logentry", "pk": 78, "fields": {"action_time": "2024-03-26T21:14:56.232Z", "user": 1, "content_type": 29, "object_id": "10", "object_repr": "دستبند با زنجیر", "action_flag": 1, "change_message": "[{\"added\": {}}]"}}, {"model": "admin.logentry", "pk": 79, "fields": {"action_time": "2024-03-26T21:19:23.894Z", "user": 1, "content_type": 29, "object_id": "11", "object_repr": "دستبند با سنگ", "action_flag": 1, "change_message": "[{\"added\": {}}]"}}, {"model": "admin.logentry", "pk": 80, "fields": {"action_time": "2024-03-26T21:21:43.712Z", "user": 1, "content_type": 29, "object_id": "12", "object_repr": "دستبند النگویی", "action_flag": 1, "change_message": "[{\"added\": {}}]"}}, {"model": "admin.logentry", "pk": 81, "fields": {"action_time": "2024-03-26T21:27:10.228Z", "user": 1, "content_type": 16, "object_id": "7", "object_repr": "آویز", "action_flag": 3, "change_message": ""}}, {"model": "admin.logentry", "pk": 82, "fields": {"action_time": "2024-03-26T21:31:49.276Z", "user": 1, "content_type": 29, "object_id": "13", "object_repr": "آویز گردنبند", "action_flag": 1, "change_message": "[{\"added\": {}}]"}}, {"model": "admin.logentry", "pk": 83, "fields": {"action_time": "2024-03-26T21:33:52.946Z", "user": 1, "content_type": 29, "object_id": "14", "object_repr": "زنجیر گردنبند", "action_flag": 1, "change_message": "[{\"added\": {}}]"}}, {"model": "admin.logentry", "pk": 84, "fields": {"action_time": "2024-03-26T21:35:28.346Z", "user": 1, "content_type": 29, "object_id": "14", "object_repr": "زنجیر", "action_flag": 2, "change_message": "[{\"changed\": {\"fields\": [\"Name\", \"Slug\", \"TitleSeo\", \"DescriptionSeo\"]}}]"}}, {"model": "admin.logentry", "pk": 85, "fields": {"action_time": "2024-03-26T21:35:30.188Z", "user": 1, "content_type": 29, "object_id": "14", "object_repr": "زنجیر", "action_flag": 2, "change_message": "[{\"changed\": {\"fields\": [\"Name\", \"Slug\", \"TitleSeo\", \"DescriptionSeo\"]}}]"}}, {"model": "admin.logentry", "pk": 86, "fields": {"action_time": "2024-03-26T21:37:46.828Z", "user": 1, "content_type": 29, "object_id": "15", "object_repr": "گردنبند رولباسی", "action_flag": 1, "change_message": "[{\"added\": {}}]"}}, {"model": "admin.logentry", "pk": 87, "fields": {"action_time": "2024-03-26T21:41:40.221Z", "user": 1, "content_type": 29, "object_id": "16", "object_repr": "ست و نیم ست با نگین", "action_flag": 1, "change_message": "[{\"added\": {}}]"}}, {"model": "admin.logentry", "pk": 88, "fields": {"action_time": "2024-03-26T21:42:54.861Z", "user": 1, "content_type": 29, "object_id": "17", "object_repr": "ست و نیم ست بدون نگین", "action_flag": 1, "change_message": "[{\"added\": {}}]"}}, {"model": "admin.logentry", "pk": 89, "fields": {"action_time": "2024-04-04T23:20:39.592Z", "user": 1, "content_type": 16, "object_id": "1", "object_repr": "aaa", "action_flag": 3, "change_message": ""}}, {"model": "admin.logentry", "pk": 90, "fields": {"action_time": "2024-04-04T23:24:25.930Z", "user": 1, "content_type": 20, "object_id": "4", "object_repr": "گوشواره گل نیلو", "action_flag": 3, "change_message": ""}}, {"model": "admin.logentry", "pk": 91, "fields": {"action_time": "2024-04-04T23:24:30.966Z", "user": 1, "content_type": 20, "object_id": "3", "object_repr": "ttt", "action_flag": 3, "change_message": ""}}, {"model": "admin.logentry", "pk": 92, "fields": {"action_time": "2024-04-04T23:24:30.982Z", "user": 1, "content_type": 20, "object_id": "2", "object_repr": "test", "action_flag": 3, "change_message": ""}}, {"model": "admin.logentry", "pk": 93, "fields": {"action_time": "2024-04-04T23:24:31.003Z", "user": 1, "content_type": 20, "object_id": "1", "object_repr": "te", "action_flag": 3, "change_message": ""}}, {"model": "auth.permission", "pk": 1, "fields": {"name": "Can add log entry", "content_type": 1, "codename": "add_logentry"}}, {"model": "auth.permission", "pk": 2, "fields": {"name": "Can change log entry", "content_type": 1, "codename": "change_logentry"}}, {"model": "auth.permission", "pk": 3, "fields": {"name": "Can delete log entry", "content_type": 1, "codename": "delete_logentry"}}, {"model": "auth.permission", "pk": 4, "fields": {"name": "Can view log entry", "content_type": 1, "codename": "view_logentry"}}, {"model": "auth.permission", "pk": 5, "fields": {"name": "Can add permission", "content_type": 2, "codename": "add_permission"}}, {"model": "auth.permission", "pk": 6, "fields": {"name": "Can change permission", "content_type": 2, "codename": "change_permission"}}, {"model": "auth.permission", "pk": 7, "fields": {"name": "Can delete permission", "content_type": 2, "codename": "delete_permission"}}, {"model": "auth.permission", "pk": 8, "fields": {"name": "Can view permission", "content_type": 2, "codename": "view_permission"}}, {"model": "auth.permission", "pk": 9, "fields": {"name": "Can add group", "content_type": 3, "codename": "add_group"}}, {"model": "auth.permission", "pk": 10, "fields": {"name": "Can change group", "content_type": 3, "codename": "change_group"}}, {"model": "auth.permission", "pk": 11, "fields": {"name": "Can delete group", "content_type": 3, "codename": "delete_group"}}, {"model": "auth.permission", "pk": 12, "fields": {"name": "Can view group", "content_type": 3, "codename": "view_group"}}, {"model": "auth.permission", "pk": 13, "fields": {"name": "Can add content type", "content_type": 4, "codename": "add_contenttype"}}, {"model": "auth.permission", "pk": 14, "fields": {"name": "Can change content type", "content_type": 4, "codename": "change_contenttype"}}, {"model": "auth.permission", "pk": 15, "fields": {"name": "Can delete content type", "content_type": 4, "codename": "delete_contenttype"}}, {"model": "auth.permission", "pk": 16, "fields": {"name": "Can view content type", "content_type": 4, "codename": "view_contenttype"}}, {"model": "auth.permission", "pk": 17, "fields": {"name": "Can add session", "content_type": 5, "codename": "add_session"}}, {"model": "auth.permission", "pk": 18, "fields": {"name": "Can change session", "content_type": 5, "codename": "change_session"}}, {"model": "auth.permission", "pk": 19, "fields": {"name": "Can delete session", "content_type": 5, "codename": "delete_session"}}, {"model": "auth.permission", "pk": 20, "fields": {"name": "Can view session", "content_type": 5, "codename": "view_session"}}, {"model": "auth.permission", "pk": 21, "fields": {"name": "Can add age", "content_type": 6, "codename": "add_age"}}, {"model": "auth.permission", "pk": 22, "fields": {"name": "Can change age", "content_type": 6, "codename": "change_age"}}, {"model": "auth.permission", "pk": 23, "fields": {"name": "Can delete age", "content_type": 6, "codename": "delete_age"}}, {"model": "auth.permission", "pk": 24, "fields": {"name": "Can view age", "content_type": 6, "codename": "view_age"}}, {"model": "auth.permission", "pk": 25, "fields": {"name": "Can add user", "content_type": 7, "codename": "add_user"}}, {"model": "auth.permission", "pk": 26, "fields": {"name": "Can change user", "content_type": 7, "codename": "change_user"}}, {"model": "auth.permission", "pk": 27, "fields": {"name": "Can delete user", "content_type": 7, "codename": "delete_user"}}, {"model": "auth.permission", "pk": 28, "fields": {"name": "Can view user", "content_type": 7, "codename": "view_user"}}, {"model": "auth.permission", "pk": 29, "fields": {"name": "Can add دسته بندی اصلی", "content_type": 8, "codename": "add_category"}}, {"model": "auth.permission", "pk": 30, "fields": {"name": "Can change دسته بندی اصلی", "content_type": 8, "codename": "change_category"}}, {"model": "auth.permission", "pk": 31, "fields": {"name": "Can delete دسته بندی اصلی", "content_type": 8, "codename": "delete_category"}}, {"model": "auth.permission", "pk": 32, "fields": {"name": "Can view دسته بندی اصلی", "content_type": 8, "codename": "view_category"}}, {"model": "auth.permission", "pk": 33, "fields": {"name": "Can add عکس ", "content_type": 9, "codename": "add_image"}}, {"model": "auth.permission", "pk": 34, "fields": {"name": "Can change عکس ", "content_type": 9, "codename": "change_image"}}, {"model": "auth.permission", "pk": 35, "fields": {"name": "Can delete عکس ", "content_type": 9, "codename": "delete_image"}}, {"model": "auth.permission", "pk": 36, "fields": {"name": "Can view عکس ", "content_type": 9, "codename": "view_image"}}, {"model": "auth.permission", "pk": 37, "fields": {"name": "Can add برچسب", "content_type": 10, "codename": "add_tag"}}, {"model": "auth.permission", "pk": 38, "fields": {"name": "Can change برچسب", "content_type": 10, "codename": "change_tag"}}, {"model": "auth.permission", "pk": 39, "fields": {"name": "Can delete برچسب", "content_type": 10, "codename": "delete_tag"}}, {"model": "auth.permission", "pk": 40, "fields": {"name": "Can view برچسب", "content_type": 10, "codename": "view_tag"}}, {"model": "auth.permission", "pk": 41, "fields": {"name": "Can add دسته بندی اصلی", "content_type": 11, "codename": "add_categoryf"}}, {"model": "auth.permission", "pk": 42, "fields": {"name": "Can change دسته بندی اصلی", "content_type": 11, "codename": "change_categoryf"}}, {"model": "auth.permission", "pk": 43, "fields": {"name": "Can delete دسته بندی اصلی", "content_type": 11, "codename": "delete_categoryf"}}, {"model": "auth.permission", "pk": 44, "fields": {"name": "Can view دسته بندی اصلی", "content_type": 11, "codename": "view_categoryf"}}, {"model": "auth.permission", "pk": 45, "fields": {"name": "Can add وبلاگ", "content_type": 12, "codename": "add_blog"}}, {"model": "auth.permission", "pk": 46, "fields": {"name": "Can change وبلاگ", "content_type": 12, "codename": "change_blog"}}, {"model": "auth.permission", "pk": 47, "fields": {"name": "Can delete وبلاگ", "content_type": 12, "codename": "delete_blog"}}, {"model": "auth.permission", "pk": 48, "fields": {"name": "Can view وبلاگ", "content_type": 12, "codename": "view_blog"}}, {"model": "auth.permission", "pk": 49, "fields": {"name": "Can add accessory", "content_type": 13, "codename": "add_accessory"}}, {"model": "auth.permission", "pk": 50, "fields": {"name": "Can change accessory", "content_type": 13, "codename": "change_accessory"}}, {"model": "auth.permission", "pk": 51, "fields": {"name": "Can delete accessory", "content_type": 13, "codename": "delete_accessory"}}, {"model": "auth.permission", "pk": 52, "fields": {"name": "Can view accessory", "content_type": 13, "codename": "view_accessory"}}, {"model": "auth.permission", "pk": 53, "fields": {"name": "Can add برند", "content_type": 14, "codename": "add_brand"}}, {"model": "auth.permission", "pk": 54, "fields": {"name": "Can change برند", "content_type": 14, "codename": "change_brand"}}, {"model": "auth.permission", "pk": 55, "fields": {"name": "Can delete برند", "content_type": 14, "codename": "delete_brand"}}, {"model": "auth.permission", "pk": 56, "fields": {"name": "Can view برند", "content_type": 14, "codename": "view_brand"}}, {"model": "auth.permission", "pk": 57, "fields": {"name": "Can add دسته بندی اصلی", "content_type": 15, "codename": "add_category"}}, {"model": "auth.permission", "pk": 58, "fields": {"name": "Can change دسته بندی اصلی", "content_type": 15, "codename": "change_category"}}, {"model": "auth.permission", "pk": 59, "fields": {"name": "Can delete دسته بندی اصلی", "content_type": 15, "codename": "delete_category"}}, {"model": "auth.permission", "pk": 60, "fields": {"name": "Can view دسته بندی اصلی", "content_type": 15, "codename": "view_category"}}, {"model": "auth.permission", "pk": 61, "fields": {"name": "Can add دسته بندی فرعی", "content_type": 16, "codename": "add_categoryf"}}, {"model": "auth.permission", "pk": 62, "fields": {"name": "Can change دسته بندی فرعی", "content_type": 16, "codename": "change_categoryf"}}, {"model": "auth.permission", "pk": 63, "fields": {"name": "Can delete دسته بندی فرعی", "content_type": 16, "codename": "delete_categoryf"}}, {"model": "auth.permission", "pk": 64, "fields": {"name": "Can view دسته بندی فرعی", "content_type": 16, "codename": "view_categoryf"}}, {"model": "auth.permission", "pk": 65, "fields": {"name": "Can add gallery", "content_type": 17, "codename": "add_gallery"}}, {"model": "auth.permission", "pk": 66, "fields": {"name": "Can change gallery", "content_type": 17, "codename": "change_gallery"}}, {"model": "auth.permission", "pk": 67, "fields": {"name": "Can delete gallery", "content_type": 17, "codename": "delete_gallery"}}, {"model": "auth.permission", "pk": 68, "fields": {"name": "Can view gallery", "content_type": 17, "codename": "view_gallery"}}, {"model": "auth.permission", "pk": 69, "fields": {"name": "Can add سفارش ها", "content_type": 18, "codename": "add_order"}}, {"model": "auth.permission", "pk": 70, "fields": {"name": "Can change سفارش ها", "content_type": 18, "codename": "change_order"}}, {"model": "auth.permission", "pk": 71, "fields": {"name": "Can delete سفارش ها", "content_type": 18, "codename": "delete_order"}}, {"model": "auth.permission", "pk": 72, "fields": {"name": "Can view سفارش ها", "content_type": 18, "codename": "view_order"}}, {"model": "auth.permission", "pk": 73, "fields": {"name": "Can add plating", "content_type": 19, "codename": "add_plating"}}, {"model": "auth.permission", "pk": 74, "fields": {"name": "Can change plating", "content_type": 19, "codename": "change_plating"}}, {"model": "auth.permission", "pk": 75, "fields": {"name": "Can delete plating", "content_type": 19, "codename": "delete_plating"}}, {"model": "auth.permission", "pk": 76, "fields": {"name": "Can view plating", "content_type": 19, "codename": "view_plating"}}, {"model": "auth.permission", "pk": 77, "fields": {"name": "Can add محصول", "content_type": 20, "codename": "add_product"}}, {"model": "auth.permission", "pk": 78, "fields": {"name": "Can change محصول", "content_type": 20, "codename": "change_product"}}, {"model": "auth.permission", "pk": 79, "fields": {"name": "Can delete محصول", "content_type": 20, "codename": "delete_product"}}, {"model": "auth.permission", "pk": 80, "fields": {"name": "Can view محصول", "content_type": 20, "codename": "view_product"}}, {"model": "auth.permission", "pk": 81, "fields": {"name": "Can add برچسب", "content_type": 21, "codename": "add_tag"}}, {"model": "auth.permission", "pk": 82, "fields": {"name": "Can change برچسب", "content_type": 21, "codename": "change_tag"}}, {"model": "auth.permission", "pk": 83, "fields": {"name": "Can delete برچسب", "content_type": 21, "codename": "delete_tag"}}, {"model": "auth.permission", "pk": 84, "fields": {"name": "Can view برچسب", "content_type": 21, "codename": "view_tag"}}, {"model": "auth.permission", "pk": 85, "fields": {"name": "Can add weight", "content_type": 22, "codename": "add_weight"}}, {"model": "auth.permission", "pk": 86, "fields": {"name": "Can change weight", "content_type": 22, "codename": "change_weight"}}, {"model": "auth.permission", "pk": 87, "fields": {"name": "Can delete weight", "content_type": 22, "codename": "delete_weight"}}, {"model": "auth.permission", "pk": 88, "fields": {"name": "Can view weight", "content_type": 22, "codename": "view_weight"}}, {"model": "auth.permission", "pk": 89, "fields": {"name": "Can add size", "content_type": 23, "codename": "add_size"}}, {"model": "auth.permission", "pk": 90, "fields": {"name": "Can change size", "content_type": 23, "codename": "change_size"}}, {"model": "auth.permission", "pk": 91, "fields": {"name": "Can delete size", "content_type": 23, "codename": "delete_size"}}, {"model": "auth.permission", "pk": 92, "fields": {"name": "Can view size", "content_type": 23, "codename": "view_size"}}, {"model": "auth.permission", "pk": 93, "fields": {"name": "Can add shipping address", "content_type": 24, "codename": "add_shippingaddress"}}, {"model": "auth.permission", "pk": 94, "fields": {"name": "Can change shipping address", "content_type": 24, "codename": "change_shippingaddress"}}, {"model": "auth.permission", "pk": 95, "fields": {"name": "Can delete shipping address", "content_type": 24, "codename": "delete_shippingaddress"}}, {"model": "auth.permission", "pk": 96, "fields": {"name": "Can view shipping address", "content_type": 24, "codename": "view_shippingaddress"}}, {"model": "auth.permission", "pk": 97, "fields": {"name": "Can add کامنت ها", "content_type": 25, "codename": "add_reviews"}}, {"model": "auth.permission", "pk": 98, "fields": {"name": "Can change کامنت ها", "content_type": 25, "codename": "change_reviews"}}, {"model": "auth.permission", "pk": 99, "fields": {"name": "Can delete کامنت ها", "content_type": 25, "codename": "delete_reviews"}}, {"model": "auth.permission", "pk": 100, "fields": {"name": "Can view کامنت ها", "content_type": 25, "codename": "view_reviews"}}, {"model": "auth.permission", "pk": 101, "fields": {"name": "Can add order item", "content_type": 26, "codename": "add_orderitem"}}, {"model": "auth.permission", "pk": 102, "fields": {"name": "Can change order item", "content_type": 26, "codename": "change_orderitem"}}, {"model": "auth.permission", "pk": 103, "fields": {"name": "Can delete order item", "content_type": 26, "codename": "delete_orderitem"}}, {"model": "auth.permission", "pk": 104, "fields": {"name": "Can view order item", "content_type": 26, "codename": "view_orderitem"}}, {"model": "auth.permission", "pk": 105, "fields": {"name": "Can add banner", "content_type": 27, "codename": "add_banner"}}, {"model": "auth.permission", "pk": 106, "fields": {"name": "Can change banner", "content_type": 27, "codename": "change_banner"}}, {"model": "auth.permission", "pk": 107, "fields": {"name": "Can delete banner", "content_type": 27, "codename": "delete_banner"}}, {"model": "auth.permission", "pk": 108, "fields": {"name": "Can view banner", "content_type": 27, "codename": "view_banner"}}, {"model": "auth.permission", "pk": 109, "fields": {"name": "Can add slider", "content_type": 28, "codename": "add_slider"}}, {"model": "auth.permission", "pk": 110, "fields": {"name": "Can change slider", "content_type": 28, "codename": "change_slider"}}, {"model": "auth.permission", "pk": 111, "fields": {"name": "Can delete slider", "content_type": 28, "codename": "delete_slider"}}, {"model": "auth.permission", "pk": 112, "fields": {"name": "Can view slider", "content_type": 28, "codename": "view_slider"}}, {"model": "auth.permission", "pk": 113, "fields": {"name": "Can add دسته بندی فرعی جزئیات", "content_type": 29, "codename": "add_categoryff"}}, {"model": "auth.permission", "pk": 114, "fields": {"name": "Can change دسته بندی فرعی جزئیات", "content_type": 29, "codename": "change_categoryff"}}, {"model": "auth.permission", "pk": 115, "fields": {"name": "Can delete دسته بندی فرعی جزئیات", "content_type": 29, "codename": "delete_categoryff"}}, {"model": "auth.permission", "pk": 116, "fields": {"name": "Can view دسته بندی فرعی جزئیات", "content_type": 29, "codename": "view_categoryff"}}, {"model": "contenttypes.contenttype", "pk": 1, "fields": {"app_label": "admin", "model": "logentry"}}, {"model": "contenttypes.contenttype", "pk": 2, "fields": {"app_label": "auth", "model": "permission"}}, {"model": "contenttypes.contenttype", "pk": 3, "fields": {"app_label": "auth", "model": "group"}}, {"model": "contenttypes.contenttype", "pk": 4, "fields": {"app_label": "contenttypes", "model": "contenttype"}}, {"model": "contenttypes.contenttype", "pk": 5, "fields": {"app_label": "sessions", "model": "session"}}, {"model": "contenttypes.contenttype", "pk": 6, "fields": {"app_label": "User", "model": "age"}}, {"model": "contenttypes.contenttype", "pk": 7, "fields": {"app_label": "User", "model": "user"}}, {"model": "contenttypes.contenttype", "pk": 8, "fields": {"app_label": "Blog", "model": "category"}}, {"model": "contenttypes.contenttype", "pk": 9, "fields": {"app_label": "Blog", "model": "image"}}, {"model": "contenttypes.contenttype", "pk": 10, "fields": {"app_label": "Blog", "model": "tag"}}, {"model": "contenttypes.contenttype", "pk": 11, "fields": {"app_label": "Blog", "model": "categoryf"}}, {"model": "contenttypes.contenttype", "pk": 12, "fields": {"app_label": "Blog", "model": "blog"}}, {"model": "contenttypes.contenttype", "pk": 13, "fields": {"app_label": "Product", "model": "accessory"}}, {"model": "contenttypes.contenttype", "pk": 14, "fields": {"app_label": "Product", "model": "brand"}}, {"model": "contenttypes.contenttype", "pk": 15, "fields": {"app_label": "Product", "model": "category"}}, {"model": "contenttypes.contenttype", "pk": 16, "fields": {"app_label": "Product", "model": "categoryf"}}, {"model": "contenttypes.contenttype", "pk": 17, "fields": {"app_label": "Product", "model": "gallery"}}, {"model": "contenttypes.contenttype", "pk": 18, "fields": {"app_label": "Product", "model": "order"}}, {"model": "contenttypes.contenttype", "pk": 19, "fields": {"app_label": "Product", "model": "plating"}}, {"model": "contenttypes.contenttype", "pk": 20, "fields": {"app_label": "Product", "model": "product"}}, {"model": "contenttypes.contenttype", "pk": 21, "fields": {"app_label": "Product", "model": "tag"}}, {"model": "contenttypes.contenttype", "pk": 22, "fields": {"app_label": "Product", "model": "weight"}}, {"model": "contenttypes.contenttype", "pk": 23, "fields": {"app_label": "Product", "model": "size"}}, {"model": "contenttypes.contenttype", "pk": 24, "fields": {"app_label": "Product", "model": "shippingaddress"}}, {"model": "contenttypes.contenttype", "pk": 25, "fields": {"app_label": "Product", "model": "reviews"}}, {"model": "contenttypes.contenttype", "pk": 26, "fields": {"app_label": "Product", "model": "orderitem"}}, {"model": "contenttypes.contenttype", "pk": 27, "fields": {"app_label": "Ui", "model": "banner"}}, {"model": "contenttypes.contenttype", "pk": 28, "fields": {"app_label": "Ui", "model": "slider"}}, {"model": "contenttypes.contenttype", "pk": 29, "fields": {"app_label": "Product", "model": "categoryff"}}, {"model": "sessions.session", "pk": "cg4xj8lqikgl0pqu18f3kymkovryd6pj", "fields": {"session_data": ".eJxVjDsOwjAQBe_iGlle-Rco6TmDtbv24gBypDipEHcnkVJA-2bmvVXCdalp7WVOY1YXBer0uxHys7Qd5Ae2-6R5ass8kt4VfdCub1Mur-vh_h1U7HWrDZCjgN4V4kgZwTuRHILYaKyDKCQAghx58Oe48VgwgAyWQ7HGGPX5Av3fOFA:1rpD1w:VQq1FPrdzt4W--n9Gmy8TAWaLz2hKbCq4O82EkQ3-JU", "expire_date": "2024-04-09T20:04:20.067Z"}}, {"model": "sessions.session", "pk": "l1rttzhnvt24db19eovnygxpn66ekqkr", "fields": {"session_data": ".eJxVjDsOwjAQBe_iGlle-Rco6TmDtbv24gBypDipEHcnkVJA-2bmvVXCdalp7WVOY1YXBer0uxHys7Qd5Ae2-6R5ass8kt4VfdCub1Mur-vh_h1U7HWrDZCjgN4V4kgZwTuRHILYaKyDKCQAghx58Oe48VgwgAyWQ7HGGPX5Av3fOFA:1rsWCy:i-_QrEsQAS9Jmxz2IGf0dd2EUeJFya-F9ZxNAGTliCQ", "expire_date": "2024-04-18T23:09:24.109Z"}}, {"model": "sessions.session", "pk": "lhywttdrnc2m47tobczk12gczoovdtyo", "fields": {"session_data": ".eJxVjDsOwjAQBe_iGlle-Rco6TmDtbv24gBypDipEHcnkVJA-2bmvVXCdalp7WVOY1YXBer0uxHys7Qd5Ae2-6R5ass8kt4VfdCub1Mur-vh_h1U7HWrDZCjgN4V4kgZwTuRHILYaKyDKCQAghx58Oe48VgwgAyWQ7HGGPX5Av3fOFA:1rHMyb:ChayyUHe854vf609ldQOea1mwRDhjbtpGocfV2PoOpU", "expire_date": "2024-01-07T11:49:01.122Z"}}, {"model": "sessions.session", "pk": "n86mswxvgn16xbhf5ov0kws0li151hm9", "fields": {"session_data": ".eJxVjDsOwjAQBe_iGlle-Rco6TmDtbv24gBypDipEHcnkVJA-2bmvVXCdalp7WVOY1YXBer0uxHys7Qd5Ae2-6R5ass8kt4VfdCub1Mur-vh_h1U7HWrDZCjgN4V4kgZwTuRHILYaKyDKCQAghx58Oe48VgwgAyWQ7HGGPX5Av3fOFA:1rThtT:HgPzCI5CgRLU1RE1Rgpcl2urm0p4_RkuNYFuemrVESs", "expire_date": "2024-02-10T12:34:43.542Z"}}, {"model": "sessions.session", "pk": "pi4ioewo2o0ij9zk2ci98tz65w5pg7nb", "fields": {"session_data": ".eJxVjDsOwjAQBe_iGlle-Rco6TmDtbv24gBypDipEHcnkVJA-2bmvVXCdalp7WVOY1YXBer0uxHys7Qd5Ae2-6R5ass8kt4VfdCub1Mur-vh_h1U7HWrDZCjgN4V4kgZwTuRHILYaKyDKCQAghx58Oe48VgwgAyWQ7HGGPX5Av3fOFA:1rYmdf:KFg5okOut5dSJFTkVDhk2n28ykTVPoIeXUPEiMC7Jsc", "expire_date": "2024-02-24T12:39:23.498Z"}}, {"model": "sessions.session", "pk": "viffxebzrh7xqe9h0eeez98x6oslk5mc", "fields": {"session_data": ".eJxVjDsOwjAQBe_iGlle-Rco6TmDtbv24gBypDipEHcnkVJA-2bmvVXCdalp7WVOY1YXBer0uxHys7Qd5Ae2-6R5ass8kt4VfdCub1Mur-vh_h1U7HWrDZCjgN4V4kgZwTuRHILYaKyDKCQAghx58Oe48VgwgAyWQ7HGGPX5Av3fOFA:1rk0RH:HeYPkvb2WSMiffRLYBBStg7TEIATvYVvnhbmuzkd4Mc", "expire_date": "2024-03-26T11:36:59.550Z"}}, {"model": "sessions.session", "pk": "wi96c6jpfmfvrz2g12p7jbxbrws68bxd", "fields": {"session_data": ".eJxVjDsOwjAQBe_iGlle-Rco6TmDtbv24gBypDipEHcnkVJA-2bmvVXCdalp7WVOY1YXBer0uxHys7Qd5Ae2-6R5ass8kt4VfdCub1Mur-vh_h1U7HWrDZCjgN4V4kgZwTuRHILYaKyDKCQAghx58Oe48VgwgAyWQ7HGGPX5Av3fOFA:1rThVh:zVd520e8hXqTydz61vyBq3qEaePk-8O8DlUxyBQ2AwA", "expire_date": "2024-02-10T12:10:09.331Z"}}, {"model": "User.user", "pk": 1, "fields": {"password": "pbkdf2_sha256$390000$9Pqibq1w1XMzhq0JxbNJSS$cNrqNs84CgiCs1ahLbIa2cjWliPEJZFuHo9tdVppr+4=", "last_login": "2024-04-04T23:09:24.085Z", "is_superuser": true, "username": "root", "first_name": "", "last_name": "", "email": "", "is_staff": true, "is_active": true, "date_joined": "2023-12-24T11:48:17.836Z", "name": null, "phoneNumber": null, "phoneNumber2": null, "NameFather": null, "codeMeli": null, "Image": "", "Age": null, "Address": null, "sex": null, "City": null, "HowSee": null, "HowSeePerson": null, "birthday": null, "ActiveUser": null, "JobPosition": null, "Presenter": false, "Number": 0, "Manager": false, "BlogManager": false, "ProductManager": false, "OrderingManager": false, "groups": [], "user_permissions": []}}, {"model": "Product.brand", "pk": 1, "fields": {"name": "بفی", "slug": "ذتاذ", "titleSeo": "ذن", "descriptionSeo": "تذتنذ", "image": ""}}, {"model": "Product.tag", "pk": 1, "fields": {"name": "زمستان", "slug": "زمستان", "titleSeo": "خرید دست بند دونه برفی", "descriptionSeo": "خرید دست بند دونه برفیخرید دست بند دونه برفیخرید دست بند دونه برفیخرید دست بند دونه برفی", "image": ""}}, {"model": "Product.tag", "pk": 2, "fields": {"name": "تلتاشس", "slug": "ٰتلتاشس", "titleSeo": "تلتاشس", "descriptionSeo": "ٰتلتاشس", "image": ""}}, {"model": "Product.tag", "pk": 3, "fields": {"name": "لر", "slug": "ند", "titleSeo": "تذ", "descriptionSeo": "ت", "image": ""}}, {"model": "Product.tag", "pk": 4, "fields": {"name": "خرید طلا یلدایی", "slug": "سیسی", "titleSeo": "خرید طلا یلدایی از کرابو", "descriptionSeo": "خرید طلا ارزان  یلدایی از کرابو", "image": ""}}, {"model": "Product.category", "pk": 3, "fields": {"name": "زنانه", "slug": "women's", "titleSeo": "خرید آنلاین طلا زنانه از فروشگاه اینترنتی کرابو", "descriptionSeo": "خرید آنلاین طلا زنانه ارزان از فروشگاه اینترنتی کرابو/خرید آنلاین طلا زنانه کادویی از فروشگاه اینترنتی کرابو", "image": ""}}, {"model": "Product.category", "pk": 4, "fields": {"name": "مردانه", "slug": "men-'s", "titleSeo": "خرید آنلاین طلا مردانه از فروشگاه اینترنتی کرابو", "descriptionSeo": "خرید آنلاین طلا مردانه از فروشگاه اینترنتی کرابو/خرید آنلاین طلا مردانه کادویی از فروشگاه اینترنتی کرابو", "image": ""}}, {"model": "Product.category", "pk": 5, "fields": {"name": "کودکانه", "slug": "childish", "titleSeo": "خرید آنلاین طلا کودکانه از فروشگاه اینترنتی کرابو", "descriptionSeo": "خرید آنلاین طلا کودکانه ارزان از فروشگاه اینترنتی کرابو/خرید آنلاین طلا کودکانه کادویی از فروشگاه اینترنتی کرابو", "image": ""}}, {"model": "Product.categoryf", "pk": 2, "fields": {"name": "گوشواره زنانه", "mainC": 3, "slug": "women-earing", "titleSeo": "خرید گوشواره طلا زنانه از کرابو", "descriptionSeo": "خرید گوشواره طلا زنانه ارزان از کرابو", "image": ""}}, {"model": "Product.categoryf", "pk": 3, "fields": {"name": "انگشتر", "mainC": 3, "slug": "women's-gold-ring", "titleSeo": "خرید آنلاین انگشتر طلا زنانه از فروشگاه اینترنتی کرابو", "descriptionSeo": "خرید آنلاین انگشتر طلا زنانه جدید از فروشگاه اینترنتی کرابو/خرید آنلاین انگشتر طلا زنانه کادویی از فروشگاه اینترنتی کرابو", "image": ""}}, {"model": "Product.categoryf", "pk": 4, "fields": {"name": "دستبند", "mainC": 3, "slug": "bracelets", "titleSeo": "خرید آنلاین دستبند طلا زنانه از فروشگاه اینترنتی کرابو", "descriptionSeo": "خرید آنلاین دستبند طلا زنانه از فروشگاه اینترنتی کرابو/خرید آنلاین دستبند طلا زنانه کادویی از فروشگاه اینترنتی کرابو", "image": ""}}, {"model": "Product.categoryf", "pk": 5, "fields": {"name": "گوشواره", "mainC": 3, "slug": "earrings", "titleSeo": "خرید آنلاین گوشواره طلا زنانه از فروشگاه اینترنتی کرابو", "descriptionSeo": "خرید آنلاین گوشواره طلا زنانه جدید از فروشگاه اینترنتی کرابو/خرید آنلاین گوشواره طلا زنانه کادویی از فروشگاه اینترنتی کرابو", "image": ""}}, {"model": "Product.categoryf", "pk": 6, "fields": {"name": "گردنبند", "mainC": 3, "slug": "necklaces", "titleSeo": "خرید آنلاین گردنبند طلا زنانه از فروشگاه اینترنتی کرابو", "descriptionSeo": "خرید آنلاین گردنبند طلا زنانه جدید از فروشگاه اینترنتی کرابو/خرید آنلاین گردنبند طلا زنانه کادویی از فروشگاه اینترنتی کرابو", "image": ""}}, {"model": "Product.categoryf", "pk": 8, "fields": {"name": "پابند", "mainC": 3, "slug": "strapon", "titleSeo": "خرید آنلاین پابند طلا زنانه از فروشگاه اینترنتی کرابو", "descriptionSeo": "خرید آنلاین پابند طلا زنانه جدید از فروشگاه اینترنتی کرابو/خرید آنلاین پابند طلا زنانه کادویی از فروشگاه اینترنتی کرابو", "image": ""}}, {"model": "Product.categoryf", "pk": 9, "fields": {"name": "آویز ساعت", "mainC": 3, "slug": "watch-pendant", "titleSeo": "خرید آنلاین آویز ساعت طلا زنانه از فروشگاه کرابو", "descriptionSeo": "خرید آنلاین آویز ساعت طلا زنانه جدید از فروشگاه کرابو/خرید آنلاین آویز ساعت طلا زنانه کادویی از فروشگاه کرابو", "image": ""}}, {"model": "Product.categoryf", "pk": 10, "fields": {"name": "ست و نیم ست", "mainC": 3, "slug": "set-and-half-set-of-women-'s-gold", "titleSeo": "خرید آنلاین ست و نیم ست طلا زنانه از فروشگاه کرابو", "descriptionSeo": "خرید آنلاین ست و نیم ست طلا زنانه از فروشگاه کرابو/خرید آنلاین ست و نیم ست طلا زنانه کادویی از فروشگاه کرابو", "image": ""}}, {"model": "Product.categoryf", "pk": 11, "fields": {"name": "دستبند مردانه", "mainC": 4, "slug": "men-'s-bracelets", "titleSeo": "خرید آنلاین دستبند طلا مردانه از فروشگاه اینترنتی کرابو", "descriptionSeo": "خرید آنلاین دستبند طلا مردانه از فروشگاه اینترنتی کرابو/خرید آنلاین دستبند طلا مردانه لوکس از فروشگاه اینترنتی کرابو", "image": ""}}, {"model": "Product.categoryf", "pk": 12, "fields": {"name": "گردنبند مردانه", "mainC": 4, "slug": "men-'s-necklaces", "titleSeo": "خرید آنلاین گردنبند طلا مردانه از فروشگاه کرابو", "descriptionSeo": "خرید آنلاین گردنبند طلا مردانه کادویی از فروشگاه کرابو/خرید آنلاین گردنبند طلا مردانه لوکس از فروشگاه کرابو", "image": ""}}, {"model": "Product.categoryf", "pk": 13, "fields": {"name": "زنجیر مردانه", "mainC": 4, "slug": "men-'s-chain", "titleSeo": "خرید آنلاین زنجیر طلا مردانه از فروشگاه کرابو", "descriptionSeo": "خرید آنلاین زنجیر طلا مردانه کادویی از فروشگاه کرابو/خرید آنلاین زنجیر طلا مردانه لوکس از فروشگاه کرابو", "image": ""}}, {"model": "Product.categoryf", "pk": 14, "fields": {"name": "انگشتر مردانه", "mainC": 4, "slug": "men-'s-ring", "titleSeo": "خرید آنلاین انگشتر طلا مردانه از فروشگاه کرابو", "descriptionSeo": "خرید آنلاین انگشتر طلا مردانه کادویی از فروشگاه کرابو/خرید آنلاین انگشتر طلا مردانه لوکس از فروشگاه کرابو", "image": ""}}, {"model": "Product.categoryf", "pk": 15, "fields": {"name": "گردنبند کودکانه", "mainC": 5, "slug": "children's-necklace", "titleSeo": "خرید آنلاین گردنبند طلا کودکانه از فروشگاه کرابو", "descriptionSeo": "خرید آنلاین گردنبند طلا کودکانه کادویی از فروشگاه کرابو/خرید آنلاین گردنبند طلا کودکانه لوکس از فروشگاه کرابو", "image": ""}}, {"model": "Product.categoryf", "pk": 16, "fields": {"name": "دستبند کودکانه", "mainC": 5, "slug": "children's-bracelets", "titleSeo": "خرید آنلاین دستبند طلا کودکانه از فروشگاه کرابو", "descriptionSeo": "خرید آنلاین دستبند طلا کودکانه کادویی از فروشگاه کرابو/خرید آنلاین دستبند طلا کودکانه کادویی لوکس از فروشگاه کرابو", "image": ""}}, {"model": "Product.categoryf", "pk": 17, "fields": {"name": "سنجاق سینه کودکانه", "mainC": 5, "slug": "children's-brooch", "titleSeo": "خرید آنلاین سنجاق سینه طلا کودکانه از فروشگاه کرابو", "descriptionSeo": "خرید آنلاین سنجاق سینه طلا کودکانه از فروشگاه کرابو/خرید آنلاین سنجاق سینه طلا کودکانه لوکس از فروشگاه کرابو", "image": ""}}, {"model": "Product.categoryf", "pk": 18, "fields": {"name": "گوشواره کودکانه", "mainC": 5, "slug": "children's-earing", "titleSeo": "خرید آنلاین گوشواره طلا کودکانه از فروشگاه کرابو", "descriptionSeo": "خرید آنلاین گوشواره طلا کودکانه کادویی از فروشگاه کرابو/خرید آنلاین گوشواره طلا کودکانه لوکس از فروشگاه کرابو", "image": ""}}, {"model": "Product.categoryf", "pk": 19, "fields": {"name": "نیم ست کودکانه", "mainC": 5, "slug": "children's-half-set", "titleSeo": "خرید آنلاین نیم ست طلا کودکانه از فروشگاه کرابو", "descriptionSeo": "خرید آنلاین نیم ست طلا کودکانه کادویی از فروشگاه کرابو/خرید آنلاین نیم ست طلا کودکانه لوکس از فروشگاه کرابو", "image": ""}}, {"model": "Product.categoryff", "pk": 3, "fields": {"name": "گوشواره میخی", "mainC": 3, "slug": "cuneiform-earrings", "titleSeo": "خرید آنلاین گوشواره میخی طلا زنانه از فروشگاه کرابو", "descriptionSeo": "خرید آنلاین گوشواره میخی طلا زنانه کادویی از فروشگاه کرابو/خرید آنلاین گوشواره میخی طلا زنانه لوکس از فروشگاه کرابو", "image": "", "categoryf": [2]}}, {"model": "Product.categoryff", "pk": 5, "fields": {"name": "گوشواره بخیه ای", "mainC": 3, "slug": "threader-earrings", "titleSeo": "خرید آنلاین گوشواره بخیه ای طلا زنانه از فروشگاه کرابو", "descriptionSeo": "خرید آنلاین گوشواره بخیه ای طلا زنانه کادویی از فروشگاه کرابو/خرید آنلاین گوشواره بخیه ای طلا زنانه کادویی لوکس از فروشگاه کرابو", "image": "", "categoryf": [2]}}, {"model": "Product.categoryff", "pk": 6, "fields": {"name": "گوشواره حلقه ای", "mainC": 3, "slug": "hoop-earring", "titleSeo": "خرید آنلاین گوشواره حلقه ای طلا زنانه از فروشگاه کرابو", "descriptionSeo": "خرید آنلاین گوشواره حلقه ای طلا زنانه کادویی از فروشگاه کرابو/خرید آنلاین گوشواره حلقه ای طلا زنانه لوکس از فروشگاه کرابو", "image": "", "categoryf": [2]}}, {"model": "Product.categoryff", "pk": 7, "fields": {"name": "گوشواره عصایی", "mainC": 3, "slug": "drop-earring", "titleSeo": "خرید آنلاین گوشواره عصایی طلا زنانه از فروشگاه کرابو", "descriptionSeo": "خرید آنلاین گوشواره عصایی طلا زنانه کادویی از فروشگاه کرابو/خرید آنلاین گوشواره عصایی طلا زنانه لوکس از فروشگاه کرابو", "image": "", "categoryf": [2]}}, {"model": "Product.categoryff", "pk": 8, "fields": {"name": "انگشتر نگین دار", "mainC": 3, "slug": "jeweled-ring", "titleSeo": "خرید آنلاین انگشتر نگین دار طلا زنانه از فروشگاه  کرابو", "descriptionSeo": "خرید آنلاین انگشتر نگین دار لوکس طلا زنانه از فروشگاه  کرابو/خرید آنلاین انگشتر نگین دار کادویی طلا زنانه از فروشگاه  کرابو", "image": "", "categoryf": [3]}}, {"model": "Product.categoryff", "pk": 9, "fields": {"name": "انگشتر بدون نگین", "mainC": 3, "slug": "ring-without-gem", "titleSeo": "خرید آنلاین انگشتر بدون نگین طلا زنانه از فروشگاه کرابو", "descriptionSeo": "خرید آنلاین انگشتر بدون نگین لوکس طلا زنانه از فروشگاه کرابو/خرید آنلاین انگشتر بدون نگین کادویی طلا زنانه از فروشگاه کرابو", "image": "", "categoryf": [3]}}, {"model": "Product.categoryff", "pk": 10, "fields": {"name": "دستبند با زنجیر", "mainC": 3, "slug": "bracelet-with-chain", "titleSeo": "خرید آنلاین دستبند با زنجیر طلا زنانه از فروشگاه کرابو", "descriptionSeo": "خرید آنلاین دستبند با زنجیر لوکس طلا زنانه از فروشگاه کرابو/خرید آنلاین دستبند با زنجیر کادویی طلا زنانه از فروشگاه کرابو", "image": "", "categoryf": [4]}}, {"model": "Product.categoryff", "pk": 11, "fields": {"name": "دستبند با سنگ", "mainC": 3, "slug": "bracelet-with-stone", "titleSeo": "خرید آنلاین دستبند با سنگ طلا زنانه از فروشگاه کرابو", "descriptionSeo": "خرید آنلاین دستبند با سنگ لوکس طلا زنانه از فروشگاه کرابو/خرید آنلاین دستبند با سنگ کادویی  طلا زنانه از فروشگاه کرابو", "image": "", "categoryf": [4]}}, {"model": "Product.categoryff", "pk": 12, "fields": {"name": "دستبند النگویی", "mainC": 3, "slug": "bangle-bracelet", "titleSeo": "خرید آنلاین دستبند النگویی طلا زنانه از فروشگاه کرابو", "descriptionSeo": "خرید آنلاین دستبند النگویی لوکس طلا زنانه از فروشگاه کرابو/خرید آنلاین دستبند النگویی کادویی طلا زنانه از فروشگاه کرابو", "image": "", "categoryf": [4]}}, {"model": "Product.categoryff", "pk": 13, "fields": {"name": "آویز گردنبند", "mainC": 3, "slug": "pendant-necklace", "titleSeo": "خرید آنلاین آویز گردنبند طلا زنانه از فروشگاه کرابو", "descriptionSeo": "خرید آنلاین آویز گردنبند کادویی طلا زنانه از فروشگاه کرابو/خرید آنلاین آویز گردنبند لوکس طلا زنانه از فروشگاه کرابو", "image": "", "categoryf": [6]}}, {"model": "Product.categoryff", "pk": 14, "fields": {"name": "زنجیر", "mainC": 3, "slug": "chain", "titleSeo": "خرید آنلاین زنجیر طلا زنانه از فروشگاه اینترنتی کرابو", "descriptionSeo": "خرید آنلاین زنجیر کادویی طلا زنانه از فروشگاه کرابو/خرید آنلاین زنجیر لوکس طلا زنانه از فروشگاه کرابو", "image": "", "categoryf": [6]}}, {"model": "Product.categoryff", "pk": 15, "fields": {"name": "گردنبند رولباسی", "mainC": 3, "slug": "dress-up-the-necklace", "titleSeo": "خرید آنلاین گردنبند رولباسی طلا زنانه از فروشگاه کرابو", "descriptionSeo": "خرید آنلاین گردنبند رولباسی کادویی طلا زنانه از فروشگاه کرابو/خرید آنلاین گردنبند رولباسی لوکس طلا زنانه از فروشگاه کرابو", "image": "", "categoryf": [6]}}, {"model": "Product.categoryff", "pk": 16, "fields": {"name": "ست و نیم ست با نگین", "mainC": 3, "slug": "set-and-half-set-with-gem", "titleSeo": "خرید آنلاین ست و نیم ست طلا زنانه از فروشگاه کرابو", "descriptionSeo": "خرید آنلاین ست و نیم ست با نگین کادویی طلا زنانه از فروشگاه کرابو/خرید آنلاین ست و نیم ست با نگین لوکس طلا زنانه از فروشگاه کرابو", "image": "", "categoryf": [10]}}, {"model": "Product.categoryff", "pk": 17, "fields": {"name": "ست و نیم ست بدون نگین", "mainC": 3, "slug": "set-and-half-set-without-gem", "titleSeo": "خرید آنلاین ست و نیم ست طلا زنانه از فروشگاه کرابو", "descriptionSeo": "خرید آنلاین ست و نیم ست بدون نگین کادویی طلا زنانه از فروشگاه کرابو/خرید آنلاین ست و نیم ست بدون نگین لوکس طلا زنانه از فروشگاه کرابو", "image": "", "categoryf": [10]}}, {"model": "Product.accessory", "pk": 1, "fields": {"name": "test", "price": 1000.0, "category": [], "categoryF": []}}, {"model": "Product.plating", "pk": 1, "fields": {"name": "aa", "price": 10.0, "category": [], "categoryF": []}}, {"model": "Product.plating", "pk": 2, "fields": {"name": "سفید", "price": 50.0, "category": [3], "categoryF": [2]}}, {"model": "Product.size", "pk": 1, "fields": {"name": "aa", "price": 10.0, "category": [], "categoryF": []}}, {"model": "Product.weight", "pk": 1, "fields": {"name": "10", "price": 10.0, "category": [], "categoryF": []}}, {"model": "Product.weight", "pk": 2, "fields": {"name": "۰.۵۶", "price": 5.0, "category": [], "categoryF": []}}, {"model": "Product.gallery", "pk": 1, "fields": {"image": "Product/Gallery/None.jpg"}}, {"model": "Ui.slider", "pk": 1, "fields": {"name": "test", "summery": "test", "image": "Ui/Slider/None.jpg", "status": true, "Link": null}}, {"model": "Ui.banner", "pk": 1, "fields": {"name": "test", "image": "Ui/Slider/test.jpg", "status": true, "Link": null, "top": true, "down": false}}, {"model": "Ui.banner", "pk": 2, "fields": {"name": "test2", "image": "Ui/Slider/test2.jpg", "status": true, "Link": null, "top": true, "down": false}}, {"model": "Ui.banner", "pk": 3, "fields": {"name": "test3", "image": "Ui/Slider/test3_xTaYzZp.jpg", "status": true, "Link": null, "top": true, "down": false}}, {"model": "Ui.banner", "pk": 4, "fields": {"name": "test4", "image": "Ui/Slider/test4.jpg", "status": true, "Link": null, "top": true, "down": false}}]